report_id,available_sentences,selected_sentences,sampling_method,seed
R001,206,50,10-bin sentence-length stratified random sampling,42
R002,157,50,10-bin sentence-length stratified random sampling,42
R003,248,50,10-bin sentence-length stratified random sampling,42
R004,96,50,10-bin sentence-length stratified random sampling,42
R005,96,50,10-bin sentence-length stratified random sampling,42
R006,194,50,10-bin sentence-length stratified random sampling,42
R007,416,50,10-bin sentence-length stratified random sampling,42
R008,125,50,10-bin sentence-length stratified random sampling,42
R009,293,50,10-bin sentence-length stratified random sampling,42
R010,208,50,10-bin sentence-length stratified random sampling,42
R011,137,50,10-bin sentence-length stratified random sampling,42
R012,311,50,10-bin sentence-length stratified random sampling,42
R013,433,50,10-bin sentence-length stratified random sampling,42
R014,108,50,10-bin sentence-length stratified random sampling,42
R015,228,50,10-bin sentence-length stratified random sampling,42
R016,108,50,10-bin sentence-length stratified random sampling,42
R017,239,50,10-bin sentence-length stratified random sampling,42
R018,204,50,10-bin sentence-length stratified random sampling,42
R019,130,50,10-bin sentence-length stratified random sampling,42
R020,184,50,10-bin sentence-length stratified random sampling,42
R021,96,50,10-bin sentence-length stratified random sampling,42
R022,221,50,10-bin sentence-length stratified random sampling,42
R023,208,50,10-bin sentence-length stratified random sampling,42
R024,125,50,10-bin sentence-length stratified random sampling,42
R025,175,50,10-bin sentence-length stratified random sampling,42
R026,210,50,10-bin sentence-length stratified random sampling,42
R027,228,50,10-bin sentence-length stratified random sampling,42
R028,311,50,10-bin sentence-length stratified random sampling,42
R029,292,50,10-bin sentence-length stratified random sampling,42
R030,89,50,10-bin sentence-length stratified random sampling,42
R031,106,50,10-bin sentence-length stratified random sampling,42
R032,157,50,10-bin sentence-length stratified random sampling,42
R033,248,50,10-bin sentence-length stratified random sampling,42
R034,176,50,10-bin sentence-length stratified random sampling,42
R035,163,50,10-bin sentence-length stratified random sampling,42
R036,206,50,10-bin sentence-length stratified random sampling,42
R037,103,50,10-bin sentence-length stratified random sampling,42
R038,103,50,10-bin sentence-length stratified random sampling,42
R039,141,50,10-bin sentence-length stratified random sampling,42
R040,76,50,10-bin sentence-length stratified random sampling,42
R041,179,50,10-bin sentence-length stratified random sampling,42
R042,355,50,10-bin sentence-length stratified random sampling,42
R043,1081,50,10-bin sentence-length stratified random sampling,42
R044,526,50,10-bin sentence-length stratified random sampling,42
R045,111,50,10-bin sentence-length stratified random sampling,42
R046,132,50,10-bin sentence-length stratified random sampling,42
R047,77,50,10-bin sentence-length stratified random sampling,42
R048,120,50,10-bin sentence-length stratified random sampling,42
R049,61,50,10-bin sentence-length stratified random sampling,42
R050,295,50,10-bin sentence-length stratified random sampling,42
